red_fighter_name;blue_fighter_name;event_date
;;
;;
;;
;;
;;
;;
;;
;;
;;
;;
;;
;;
;;
;;
;;
;;
;;
;;
;;
;;
;;
;;
;;
;;
;;
;;
;;
;;
;;
;;
;;
;;
;;
;;
;;
;;
;;
LUANA PINHEIRO;ANGELA HILL;18/05/2024
VICTOR MARTINEZ;TOM NOLAN;18/05/2024
ALATENGHEILI;KLEYDSON RODRIGUES;18/05/2024
JOAQUIN BUCKLEY;NURSULTON RUZIBOEV;11/05/2024
KAROLINA KOWALKIEWICZ;IASMIN LUCINDO;04/05/2024
KING GREEN;JIM MILLER;13/04/2024
ALEXANDER HERNANDEZ;DAMON JACKSON;06/04/2024
DAN ARGUETA;JEAN MATSUMOTO;06/04/2024
KARL WILLIAMS;JUSTIN TAFA;23/03/2024
OVINCE SAINT PREUX;KENNEDY NZECHUKWU;16/03/2024
GERALD MEERSCHAERT;BRYAN BARBERENA;16/03/2024
JOSIANE NUNES;CHELSEA CHANDLER;16/03/2024
JAFEL FILHO;ODE OSBOURNE;16/03/2024
THIAGO MOISES;MITCH RAMIREZ;16/03/2024
SEAN O'MALLEY;MARLON VERA;09/03/2024
DUSTIN POIRIER;BENOIT SAINT DENIS;09/03/2024
CURTIS BLAYDES;JAILTON ALMEIDA;09/03/2024
MICHEL PEREIRA;MICHAL OLEKSIEJCZUK;09/03/2024
UMAR NURMAGOMEDOV;BEKZAT ALMAKHAN;02/03/2024
LUDOVIT KLEIN;AJ CUNNINGHAM;02/03/2024
YAIR RODRIGUEZ;BRIAN ORTEGA;24/02/2024
CRISTIAN QUINONEZ;RAONI BARCELOS;24/02/2024
EDGAR CHAIREZ;DANIEL LACERDA;24/02/2024
CLAUDIO PUELLES;FARES ZIAM;24/02/2024
VICTOR ALTAMIRANO;FELIPE DOS SANTOS;24/02/2024
ROBERT WHITTAKER;PAULO COSTA;17/02/2024
GEOFF NEAL;IAN MACHADO GARRY;17/02/2024
ANTHONY HERNANDEZ;ROMAN KOPYLOV;17/02/2024
BOLAJI OKI;TIMMY CUAMBA;10/02/2024
LOMA LOOKBOONMEE;BRUNA BRASIL;10/02/2024
GILBERT URBINA;CHARLES RADTKE;03/02/2024
MOLLY MCCANN;DIANA BELBITA;03/02/2024
AZAT MAKSUM;CHARLES JOHNSON;03/02/2024
JEONGYEONG LEE;BLAKE BILDER;03/02/2024
SEAN STRICKLAND;DRICUS DU PLESSIS;20/01/2024
RAQUEL PENNINGTON;MAYRA BUENO SILVA;20/01/2024
NEIL MAGNY;MIKE MALOTT;20/01/2024
CHRIS CURTIS;MARC-ANDRE BARRIAULT;20/01/2024
ARNOLD ALLEN;MOVSAR EVLOEV;20/01/2024
BRAD KATONA;GARRETT ARMFIELD;20/01/2024
CHARLES JOURDAIN;SEAN WOODSON;20/01/2024
SERHIY SIDEY;RAMON TAVERAS;20/01/2024
GILLIAN ROBERTSON;POLYANA VIANA;20/01/2024
YOHAN LAINESSE;SAM PATTERSON;20/01/2024
JASMINE JASUDAVICIUS;PRISCILA CACHOEIRA;20/01/2024
MALCOLM GORDON;JIMMY FLICK;20/01/2024
MARCUS MCGHEE;GASTON BOLANOS;13/01/2024
FARID BASHARAT;TAYLOR LAPILUS;13/01/2024
WESTIN WILSON;JEAN SILVA;13/01/2024
JOSHUA VAN;FELIPE BUNES;13/01/2024
IRENE ALDANA;KAROL ROSA;16/12/2023
CASEY O'NEILL;ARIANE DA SILVA;16/12/2023
RAYANNE DOS SANTOS;TALITA ALENCAR;09/12/2023
JALIN TURNER;KING GREEN;02/12/2023
ZACHARY REESE;CODY BRUNDAGE;02/12/2023
CHRISTIAN LEROY DUNCAN;DENIS TIULIULIN;18/11/2023
MATEUSZ REBECKI;ROOSEVELT ROBERTS;11/11/2023
RODRIGO NASCIMENTO;DON'TALE MAYES;04/11/2023
EDUARDA MOURA;MONTSERRAT CONEJO RUIZ;04/11/2023
VIKTORIIA DUDAKOVA;JINH YU FREY;21/10/2023
IRINA ALEKSEEVA;MELISSA MULLINS;14/10/2023
CHRIS GUTIERREZ;ALATENGHEILI;14/10/2023
GRANT DAWSON;KING GREEN;07/10/2023
KAROLINA KOWALKIEWICZ;DIANA BELBITA;07/10/2023
NATE MANESS;MATEUS MENDONCA;07/10/2023
AORIQILENG;JOHNNY MUNOZ;07/10/2023
MIZUKI;HANNAH GOLDY;23/09/2023
TAMIRES VIDAL;MONTSERRAT RENDON;23/09/2023
ISRAEL ADESANYA;SEAN STRICKLAND;09/09/2023
TAI TUIVASA;ALEXANDER VOLKOV;09/09/2023
MANEL KAPE;FELIPE DOS SANTOS;09/09/2023
JUSTIN TAFA;AUSTEN LANE;09/09/2023
TYSON PEDRO;ANTON TURKALJ;09/09/2023
CARLOS ULBERG;DA WOON JUNG;09/09/2023
JACK JENKINS;CHEPE MARISCAL;09/09/2023
JAMIE MULLARKEY;JOHN MAKDESSI;09/09/2023
NASRAT HAQPARAST;LANDON QUINONES;09/09/2023
BLOOD DIAMOND;CHARLES RADTKE;09/09/2023
SHANE YOUNG;GABRIEL MIRANDA;09/09/2023
KEVIN JOUSSET;KIEFER CROSBIE;09/09/2023
VOLKAN OEZDEMIR;BOGDAN GUSKOV;02/09/2023
WILLIAM GOMIS;YANIS GHEMMOURI;02/09/2023
JUNIOR TAFA;PARKER PORTER;26/08/2023
WALDO CORTES-ACOSTA;LUKASZ BRZESKI;26/08/2023
TOSHIOMI KAZAMA;GARRETT ARMFIELD;26/08/2023
BILLY RAY GOFF;YUSAKU KINOSHITA;26/08/2023
SEUNGWOO CHOI;JARNO ERRENS;26/08/2023
NEIL MAGNY;IAN MACHADO GARRY;19/08/2023
CHRIS WEIDMAN;BRAD TAVARES;19/08/2023
JOSH FREMD;JAMIE PICKETT;12/08/2023
TERRANCE MCKINNEY;MIKE BREEDEN;12/08/2023
FRANCIS MARSHALL;ISAAC DULGARIAN;12/08/2023
JULIANA MILLER;LUANA SANTOS;12/08/2023
DUSTIN JACOBY;KENNEDY NZECHUKWU;05/08/2023
IGNACIO BAHAMONDES;LUDOVIT KLEIN;05/08/2023
KYLER PHILLIPS;RAONI BARCELOS;05/08/2023
BILLY QUARANTILLO;DAMON JACKSON;05/08/2023
CODY DURDEN;JAKE HADLEY;05/08/2023
SEAN WOODSON;DENNIS BUZUKJA;05/08/2023
ODE OSBOURNE;ASU ALMABAYEV;05/08/2023
TONY FERGUSON;KING GREEN;29/07/2023
GABRIEL BONFIM;TREVIN GILES;29/07/2023
CJ VERGARA;VINICIUS SALVADOR;29/07/2023
ROMAN KOPYLOV;CLAUDIO RIBEIRO;29/07/2023
JAKE MATTHEWS;DARRIUS FLOWERS;29/07/2023
MATTHEW SEMELSBERGER;UROS MEDIC;29/07/2023
MIRANDA MAVERICK;PRISCILA CACHOEIRA;29/07/2023
ARIANE DA SILVA;MELISSA GATTO;01/07/2023
RANDY BROWN;WELLINGTON TURMAN;24/06/2023
MIRANDA MAVERICK;JASMINE JASUDAVICIUS;10/06/2023
AIEMANN ZAHABI;AORIQILENG;10/06/2023
ANDREI ARLOVSKI;DON'TALE MAYES;03/06/2023
JOHN CASTANEDA;MUIN GAFUROV;03/06/2023
JAMIE MULLARKEY;MUHAMMAD NAIMOV;03/06/2023
PHILIPE LINS;MAXIM GRISHIN;03/06/2023
MAHESHATE;VIACHESLAV BORSHCHEV;20/05/2023
CHASE HOOPER;NICK FIORE;20/05/2023
NATALIA SILVA;VICTORIA LEONARDO;20/05/2023
JAIRZINHO ROZENSTRUIK;JAILTON ALMEIDA;13/05/2023
DANIEL RODRIGUEZ;IAN MACHADO GARRY;13/05/2023
CODY STAMANN;DOUGLAS SILVA DE ANDRADE;13/05/2023
KENNEDY NZECHUKWU;DEVIN CLARK;06/05/2023
PHIL HAWES;IKRAM ALISKEROV;06/05/2023
JOSEPH HOLMES;CLAUDIO RIBEIRO;06/05/2023
BRAD TAVARES;BRUNO SILVA;22/04/2023
KAROL ROSA;NORMA DUMONT;22/04/2023
MAX HOLLOWAY;ARNOLD ALLEN;15/04/2023
EDSON BARBOZA;BILLY QUARANTILLO;15/04/2023
TANNER BOSER;ION CUTELABA;15/04/2023
BILL ALGEO;TJ BROWN;15/04/2023
BRANDON ROYVAL;MATHEUS NICOLAU;15/04/2023
GILLIAN ROBERTSON;PIERA RODRIGUEZ;15/04/2023
LANDO VANNATA;DANIEL ZELLHUBER;15/04/2023
SHAYILAN NUERDANBIEKE;STEVE GARCIA;08/04/2023
CHIDI NJOKUANI;ALBERT DURAEV;25/03/2023
CJ VERGARA;DANIEL LACERDA;25/03/2023
VICTOR ALTAMIRANO;VINICIUS SALVADOR;25/03/2023
CHRISTIAN LEROY DUNCAN;DUSKO TODOROVIC;18/03/2023
JULIANA MILLER;VERONICA HARDY;18/03/2023
ALEXANDER VOLKOV;ALEXANDR ROMANOV;11/03/2023
VITOR PETRINO;ANTON TURKALJ;11/03/2023
KARL WILLIAMS;LUKASZ BRZESKI;11/03/2023
ARIANE DA SILVA;JJ ALDRICH;11/03/2023
IAN MACHADO GARRY;SONG KENAN;04/03/2023
CLAYTON CARPENTER;JUANCAMILO RONDEROS;18/02/2023
ISLAM MAKHACHEV;ALEXANDER VOLKANOVSKI;11/02/2023
YAIR RODRIGUEZ;JOSH EMMETT;11/02/2023
JACK DELLA MADDALENA;RANDY BROWN;11/02/2023
JUSTIN TAFA;PARKER PORTER;11/02/2023
TYSON PEDRO;MODESTAS BUKAUSKAS;11/02/2023
JOSH CULIBAO;MELSIK BAGHDASARYAN;11/02/2023
SHANNON ROSS;KLEYDSON RODRIGUES;11/02/2023
JAMIE MULLARKEY;FRANCISCO PRADO;11/02/2023
JACK JENKINS;DON SHAINIS;11/02/2023
LOMA LOOKBOONMEE;ELISE REED;11/02/2023
SHANE YOUNG;BLAKE BILDER;11/02/2023
ZUBAIRA TUKHUGOV;ELVES BRENER;11/02/2023
JEONGYEONG LEE;YIZHA;04/02/2023
TOSHIOMI KAZAMA;RINYA NAKAMURA;04/02/2023
SEUNGGUK CHOI;HYUNSUNG PARK;04/02/2023
THIAGO MOISES;MELQUIZAEL COSTA;21/01/2023
SHAMIL ABDURAKHIMOV;JAILTON ALMEIDA;21/01/2023
DREW DOBER;KING GREEN;17/12/2022
CODY BRUNDAGE;MICHAL OLEKSIEJCZUK;17/12/2022
CHEYANNE VLISMAS;CORY MCKENNA;17/12/2022
DAVID DVORAK;MANEL KAPE;17/12/2022
SERGEY MOROZOV;JOURNEY NEWSON;17/12/2022
DARREN TILL;DRICUS DU PLESSIS;10/12/2022
BRYCE MITCHELL;ILIA TOPURIA;10/12/2022
RAUL ROSAS JR.;JAY PERRIN;10/12/2022
BRADY HIESTAND;FERNIE GARCIA;19/11/2022
NATALIA SILVA;TEREZA BLEDA;19/11/2022
ISRAEL ADESANYA;ALEX PEREIRA;12/11/2022
ANDRE PETROSKI;WELLINGTON TURMAN;12/11/2022
KAROLINA KOWALKIEWICZ;SILVANA GOMEZ JUAREZ;12/11/2022
MICHAEL TRIZANO;SEUNGWOO CHOI;12/11/2022
CARLOS ULBERG;NICOLAE NEGUMEREANU;12/11/2022
MARINA RODRIGUEZ;AMANDA LEMOS;05/11/2022
POLYANA VIANA;JINH YU FREY;05/11/2022
LIUDVIK SHOLINIAN;JOHNNY MUNOZ;05/11/2022
CHARLES OLIVEIRA;ISLAM MAKHACHEV;22/10/2022
ALJAMAIN STERLING;TJ DILLASHAW;22/10/2022
PETR YAN;SEAN O'MALLEY;22/10/2022
BENEIL DARIUSH;MATEUSZ GAMROT;22/10/2022
KATLYN CERMINARA;MANON FIOROT;22/10/2022
BELAL MUHAMMAD;SEAN BRADY;22/10/2022
MAKHMUD MURADOV;CAIO BORRALHO;22/10/2022
VOLKAN OEZDEMIR;NIKITA KRYLOV;22/10/2022
ABUBAKAR NURMAGOMEDOV;GADZHI OMARGADZHIEV;22/10/2022
ARMEN PETROSYAN;AJ DOBSON;22/10/2022
MUHAMMAD MOKAEV;MALCOLM GORDON;22/10/2022
KAROL ROSA;LINA LANSBERG;22/10/2022
CUB SWANSON;JONATHAN MARTINEZ;15/10/2022
TATSURO TAIRA;CJ VERGARA;15/10/2022
RAONI BARCELOS;TREVIN JONES;01/10/2022
NIKOLAS MOTTA;CAMERON VANCAMP;17/09/2022
CHAD ANHELIGER;ALATENGHEILI;10/09/2022
DANIEL LACERDA;VICTOR ALTAMIRANO;20/08/2022
PRISCILA CACHOEIRA;ARIANE DA SILVA;13/08/2022
ALEXANDRE PANTOJA;ALEX PEREZ;30/07/2022
PADDY PIMBLETT;JORDAN LEAVITT;23/07/2022
NIKITA KRYLOV;ALEXANDER GUSTAFSSON;23/07/2022
MOLLY MCCANN;HANNAH GOLDY;23/07/2022
MARC DIAKIESE;DAMIR HADZOVIC;23/07/2022
MAKWAN AMIRKHANI;JONATHAN PEARCE;23/07/2022
MUHAMMAD MOKAEV;CHARLES JOHNSON;23/07/2022
LI JINGLIANG;MUSLIM SALIKHOV;16/07/2022
MATT SCHNELL;SUMUDAERJI;16/07/2022
SHANE BURGOS;CHARLES JOURDAIN;16/07/2022
DUSTIN JACOBY;DA WOON JUNG;16/07/2022
DOUGLAS SILVA DE ANDRADE;SAID NURMAGOMEDOV;09/07/2022
JARED VANDERAA;CHASE SHERMAN;09/07/2022
AIEMANN ZAHABI;RICKY TURCIOS;09/07/2022
BRAD RIDDELL;JALIN TURNER;02/07/2022
IAN MACHADO GARRY;GABE GREEN;02/07/2022
NATE MANESS;UMAR NURMAGOMEDOV;25/06/2022
CARLOS ULBERG;TAFON NCHUKWI;25/06/2022
SHAYILAN NUERDANBIEKE;TJ BROWN;25/06/2022
RICARDO RAMOS;DANNY CHAVEZ;18/06/2022
MARIA OLIVEIRA;GLORIA DE PAULA;18/06/2022
GLOVER TEIXEIRA;JIRI PROCHAZKA;11/06/2022
VALENTINA SHEVCHENKO;TAILA SANTOS;11/06/2022
ZHANG WEILI;JOANNA JEDRZEJCZYK;11/06/2022
ANDRE FIALHO;JAKE MATTHEWS;11/06/2022
JACK DELLA MADDALENA;RAMAZAN EMEEV;11/06/2022
SEUNGWOO CHOI;JOSH CULIBAO;11/06/2022
MAHESHATE;STEVE GARCIA;11/06/2022
BRENDAN ALLEN;JACOB MALKOUN;11/06/2022
KYUNG HO KANG;BATGEREL DANAA;11/06/2022
LIANG NA;SILVANA GOMEZ JUAREZ;11/06/2022
RAMONA PASCUAL;JOSELYNE EDWARDS;11/06/2022
JOSEPH HOLMES;ALEN AMEDOVSKI;21/05/2022
KATLYN CERMINARA;AMANDA RIBAS;14/05/2022
KLEYDSON RODRIGUES;CJ VERGARA;07/05/2022
DANIEL LACERDA;FRANCISCO FIGUEIREDO;30/04/2022
PAT SABATINI;TJ LARAMIE;16/04/2022
ALATENGHEILI;KEVIN CROOM;16/04/2022
ALEXANDER VOLKANOVSKI;CHAN SUNG JUNG;09/04/2022
MACKENZIE DERN;TECIA PENNINGTON;09/04/2022
IAN MACHADO GARRY;DARIAN WEEKS;09/04/2022
SARA MCMANN;KAROL ROSA;26/03/2022
CHRIS GUTIERREZ;BATGEREL DANAA;26/03/2022
PADDY PIMBLETT;KAZULA VARGAS;19/03/2022
MIKE GRUNDY;MAKWAN AMIRKHANI;19/03/2022
SHAMIL ABDURAKHIMOV;SERGEI PAVLOVICH;19/03/2022
JACK SHORE;TIMUR VALIEV;19/03/2022
CORY MCKENNA;ELISE REED;19/03/2022
DREW DOBER;TERRANCE MCKINNEY;12/03/2022
MATTHEW SEMELSBERGER;AJ FLETCHER;12/03/2022
TREVIN JONES;JAVID BASHARAT;12/03/2022
DAMON JACKSON;KAMUELA KIRK;12/03/2022
DALCHA LUNGIAMBULA;CODY BRUNDAGE;12/03/2022
SERGHEI SPIVAC;GREG HARDY;05/03/2022
NICOLAE NEGUMEREANU;KENNEDY NZECHUKWU;05/03/2022
MARYNA MOROZ;MARIYA AGAPOVA;05/03/2022
BRIAN KELLEHER;UMAR NURMAGOMEDOV;05/03/2022
DUSTIN JACOBY;MICHAL OLEKSIEJCZUK;05/03/2022
ISLAM MAKHACHEV;KING GREEN;26/02/2022
MISHA CIRKUNOV;WELLINGTON TURMAN;26/02/2022
JI YEON KIM;PRISCILA CACHOEIRA;26/02/2022
ARMAN TSARUKYAN;JOEL ALVAREZ;26/02/2022
ARMEN PETROSYAN;GREGORY RODRIGUES;26/02/2022
RONGZHU;IGNACIO BAHAMONDES;26/02/2022
JOSIANE NUNES;RAMONA PASCUAL;26/02/2022
TERRANCE MCKINNEY;FARES ZIAM;26/02/2022
ALEJANDRO PEREZ;JONATHAN MARTINEZ;26/02/2022
RAMIZ BRAHIMAJ;MICHEAL GILLMORE;26/02/2022
VICTOR ALTAMIRANO;CARLOS HERNANDEZ;26/02/2022
JOHNNY WALKER;JAMAHAL HILL;19/02/2022
KYLE DAUKAUS;JAMIE PICKETT;19/02/2022
PARKER PORTER;ALAN BAUDOT;19/02/2022
JIM MILLER;NIKOLAS MOTTA;19/02/2022
JOAQUIN BUCKLEY;ABDUL RAZAK ALHASSAN;19/02/2022
GABRIEL BENITEZ;DAVID ONAMA;19/02/2022
JESSICA-ROSE CLARK;STEPHANIE EGGER;19/02/2022
CHAS SKELLY;MARK STRIEGL;19/02/2022
DIANA BELBITA;GLORIA DE PAULA;19/02/2022
CHAD ANHELIGER;JESSE STRADER;19/02/2022
JONATHAN PEARCE;CHRISTIAN RODRIGUEZ;19/02/2022
MARIO BAUTISTA;JAY PERRIN;19/02/2022
KING GREEN;NASRAT HAQPARAST;12/02/2022
KYLER PHILLIPS;MARCELO ROJO;12/02/2022
AJ DOBSON;JACOB MALKOUN;12/02/2022
JEREMIAH WELLS;BLOOD DIAMOND;12/02/2022
WILLIAM KNIGHT;MAXIM GRISHIN;12/02/2022
JACK HERMANSSON;SEAN STRICKLAND;05/02/2022
PUNAHELE SORIANO;NICK MAXIMOV;05/02/2022
SHAVKAT RAKHMONOV;CARLSTON HARRIS;05/02/2022
SAM ALVEY;BRENDAN ALLEN;05/02/2022
TRESEAN GORE;BRYAN BATTLE;05/02/2022
JULIAN EROSA;STEVEN PETERSON;05/02/2022
MILES JOHNS;JOHN CASTANEDA;05/02/2022
HAKEEM DAWODU;MICHAEL TRIZANO;05/02/2022
CHIDI NJOKUANI;MARC-ANDRE BARRIAULT;05/02/2022
ALEXIS DAVIS;JULIJA STOLIARENKO;05/02/2022
JAILTON ALMEIDA;DANILO MARQUES;05/02/2022
JASON WITT;PHIL ROWE;05/02/2022
MALCOLM GORDON;DENYS BONDAR;05/02/2022
MICHEL PEREIRA;ANDRE FIALHO;22/01/2022
RAONI BARCELOS;VICTOR HENRY;22/01/2022
KATLYN CERMINARA;JENNIFER MAIA;15/01/2022
DERRICK LEWIS;CHRIS DAUKAUS;18/12/2021
AMANDA LEMOS;ANGELA HILL;18/12/2021
CUB SWANSON;DARREN ELKINS;18/12/2021
DUSTIN STOLTZFUS;GERALD MEERSCHAERT;18/12/2021
JUSTIN TAFA;HARRY HUNSUCKER;18/12/2021
DON'TALE MAYES;JOSH PARISIAN;18/12/2021
JORDAN LEAVITT;MATT SAYLES;18/12/2021
CHARLES OLIVEIRA;DUSTIN POIRIER;11/12/2021
KAI KARA-FRANCE;CODY GARBRANDT;11/12/2021
LOUIS SMOLKA;VINCE MORALES;04/12/2021
KENNEDY NZECHUKWU;DA WOON JUNG;13/11/2021
AL IAQUINTA;KING GREEN;06/11/2021
EDMEN SHAHBAZYAN;NASSOURDINE IMAVOV;06/11/2021
IAN MACHADO GARRY;JORDAN WILLIAMS;06/11/2021
CJ VERGARA;ODE OSBOURNE;06/11/2021
ALEX CACERES;SEUNGWOO CHOI;23/10/2021
JEFF MOLINA;DANIEL LACERDA;23/10/2021
BATGEREL DANAA;BRANDON DAVIS;16/10/2021
VALENTINA SHEVCHENKO;LAUREN MURPHY;25/09/2021
ROXANNE MODAFFERI;TAILA SANTOS;25/09/2021
ARIANE DA SILVA;MANDY BOHM;18/09/2021
RONGZHU;BRANDON JENKINS;18/09/2021
PADDY PIMBLETT;LUIGI VENDRAMINI;04/09/2021
MOLLY MCCANN;JI YEON KIM;04/09/2021
BRYAN BATTLE;GILBERT URBINA;28/08/2021
RICKY TURCIOS;BRADY HIESTAND;28/08/2021
TECIA PENNINGTON;ANGELA HILL;07/08/2021
SONG YADONG;CASEY KENNEY;07/08/2021
KING GREEN;RAFAEL FIZIEV;07/08/2021
MANEL KAPE;ODE OSBOURNE;07/08/2021
MILES JOHNS;ANDERSON DOS SANTOS;07/08/2021
JOHNNY MUNOZ;JAMEY SIMMONS;07/08/2021
CHEYANNE VLISMAS;GLORIA DE PAULA;31/07/2021
NIKLAS STOLZE;JARED GOODEN;31/07/2021
COLLIN ANGLIN;MELSIK BAGHDASARYAN;31/07/2021
CHRIS GRUETZEMACHER;RAFA GARCIA;31/07/2021
DIANA BELBITA;HANNAH GOLDY;24/07/2021
AMANDA LEMOS;MONTSERRAT CONEJO RUIZ;17/07/2021
KHALID TAHA;SERGEY MOROZOV;17/07/2021
DUSTIN POIRIER;CONOR MCGREGOR;10/07/2021
IRENE ALDANA;YANA SANTOS;10/07/2021
OMARI AKHMEDOV;BRAD TAVARES;10/07/2021
JULIAN EROSA;SEUNGWOO CHOI;19/06/2021
LAUREN MURPHY;JOANNE WOOD;12/06/2021
FARES ZIAM;LUIGI VENDRAMINI;12/06/2021
MONTANA DE LA ROSA;ARIANE DA SILVA;05/06/2021
DAVID DVORAK;JUANCAMILO RONDEROS;22/05/2021
KATLYN CERMINARA;VIVIANE ARAUJO;15/05/2021
MARINA RODRIGUEZ;MICHELLE WATERSON-GOMEZ;08/05/2021
ZHANG WEILI;ROSE NAMAJUNAS;24/04/2021
BATGEREL DANAA;KEVIN NATIVIDAD;24/04/2021
KAZULA VARGAS;RONGZHU;24/04/2021
AORIQILENG;JEFF MOLINA;24/04/2021
LIANG NA;ARIANE CARNELOSSI;24/04/2021
TRACY CORTEZ;JUSTINE KISH;17/04/2021
ALEXANDR ROMANOV;JUAN ESPINO;17/04/2021
BARTOSZ FABINSKI;GERALD MEERSCHAERT;17/04/2021
MARVIN VETTORI;KEVIN HOLLAND;10/04/2021
ARNOLD ALLEN;SODIQ YUSUFF;10/04/2021
DA WOON JUNG;WILLIAM KNIGHT;10/04/2021
CHEYANNE VLISMAS;MONTSERRAT CONEJO RUIZ;20/03/2021
THIAGO SANTOS;ALEKSANDAR RAKIC;06/03/2021
SONG YADONG;KYLER PHILLIPS;06/03/2021
JOSEPH BENAVIDEZ;ASKAR ASKAROV;06/03/2021
PEDRO MUNHOZ;JIMMIE RIVERA;27/02/2021
ALEXANDER HERNANDEZ;THIAGO MOISES;27/02/2021
ALEXIS DAVIS;SABINA MAZO;27/02/2021
KETLEN VIEIRA;YANA SANTOS;20/02/2021
GABE GREEN;PHIL ROWE;13/02/2021
CORY SANDHAGEN;FRANKIE EDGAR;06/02/2021
SEUNGWOO CHOI;YOUSSEF ZALAL;06/02/2021
DUSTIN POIRIER;CONOR MCGREGOR;23/01/2021
DAN HOOKER;MICHAEL CHANDLER;23/01/2021
JESSICA EYE;JOANNE WOOD;23/01/2021
ANDREW SANCHEZ;MAKHMUD MURADOV;23/01/2021
MARINA RODRIGUEZ;AMANDA RIBAS;23/01/2021
ARMAN TSARUKYAN;MATT FREVOLA;23/01/2021
BRAD TAVARES;ANTONIO CARLOS JUNIOR;23/01/2021
JULIANNA PENA;SARA MCMANN;23/01/2021
KHALIL ROUNTREE JR.;MARCIN PRACHNIO;23/01/2021
NIK LENTZ;MOVSAR EVLOEV;23/01/2021
AMIR ALBAZI;ZHALGAS ZHUMAGULOV;23/01/2021
SUMUDAERJI;ZARRUKH ADASHEV;20/01/2021
MAX HOLLOWAY;CALVIN KATTAR;16/01/2021
CARLOS CONDIT;MATT BROWN;16/01/2021
SANTIAGO PONZINIBBIO;LI JINGLIANG;16/01/2021
JOAQUIN BUCKLEY;ALESSIO DI CHIRICO;16/01/2021
PUNAHELE SORIANO;DUSKO TODOROVIC;16/01/2021
WU YANAN;JOSELYNE EDWARDS;16/01/2021
CARLOS FELIPE;JUSTIN TAFA;16/01/2021
DAVID ZAWADA;RAMAZAN EMEEV;16/01/2021
SARAH MORAS;VANESSA MELO;16/01/2021
JACOB KILBURN;AUSTIN LINGO;16/01/2021
TECIA PENNINGTON;SAM HUGHES;12/12/2020
ASHLEE EVANS-SMITH;NORMA DUMONT;28/11/2020
JONATHAN PEARCE;KAI KAMAKA;28/11/2020
SUMUDAERJI;MALCOLM GORDON;28/11/2020
KATLYN CERMINARA;CYNTHIA CALVILLO;21/11/2020
ANTONINA SHEVCHENKO;ARIANE DA SILVA;21/11/2020
DANIEL RODRIGUEZ;NICOLAS DALBY;21/11/2020
ALAN JOUBAN;JARED GOODEN;21/11/2020
BRYCE MITCHELL;ANDRE FILI;31/10/2020
MAURICE GREENE;GREG HARDY;31/10/2020
KING GREEN;THIAGO MOISES;31/10/2020
MILES JOHNS;KEVIN NATIVIDAD;31/10/2020
JACOB MALKOUN;PHIL HAWES;24/10/2020
LAUREN MURPHY;LILIYA SHAKIROVA;24/10/2020
MAGOMED ANKALAEV;ION CUTELABA;24/10/2020
BRIAN ORTEGA;CHAN SUNG JUNG;17/10/2020
KATLYN CERMINARA;JESSICA ANDRADE;17/10/2020
JIMMY CRUTE;MODESTAS BUKAUSKAS;17/10/2020
CLAUDIO SILVA;JAMES KRAUSE;17/10/2020
THOMAS ALMEIDA;JONATHAN MARTINEZ;17/10/2020
MATEUSZ GAMROT;GURAM KUTATELADZE;17/10/2020
GILLIAN ROBERTSON;POLIANA BOTELHO;17/10/2020
JUNYONG PARK;JOHN PHILLIPS;17/10/2020
JAMIE MULLARKEY;FARES ZIAM;17/10/2020
GADZHIMURAD ANTIGULOV;MAXIM GRISHIN;17/10/2020
SAID NURMAGOMEDOV;MARK STRIEGL;17/10/2020
MARLON MORAES;CORY SANDHAGEN;10/10/2020
EDSON BARBOZA;MAKWAN AMIRKHANI;10/10/2020
BEN ROTHWELL;MARCIN TYBURA;10/10/2020
MARKUS PEREZ;DRICUS DU PLESSIS;10/10/2020
TOM ASPINALL;ALAN BAUDOT;10/10/2020
YOUSSEF ZALAL;ILIA TOPURIA;10/10/2020
TOM BREESE;KB BHULLAR;10/10/2020
CHRIS DAUKAUS;RODRIGO NASCIMENTO;10/10/2020
IMPA KASANGANAY;JOAQUIN BUCKLEY;10/10/2020
ALI ALQAISI;TONY KELLEY;10/10/2020
GIGA CHIKADZE;OMAR MORALES;10/10/2020
TRACY CORTEZ;STEPHANIE EGGER;10/10/2020
BRUNO SILVA;TAGIR ULANBEKOV;10/10/2020
HOLLY HOLM;IRENE ALDANA;03/10/2020
YORGAN DE CASTRO;CARLOS FELIPE;03/10/2020
GERMAINE DE RANDAMIE;JULIANNA PENA;03/10/2020
KYLER PHILLIPS;CAMERON ELSE;03/10/2020
DEQUAN TOWNSEND;DUSKO TODOROVIC;03/10/2020
CARLOS CONDIT;COURT MCGEE;03/10/2020
JORDAN WILLIAMS;NASSOURDINE IMAVOV;03/10/2020
LOMA LOOKBOONMEE;JINH YU FREY;03/10/2020
CASEY KENNEY;ALATENGHEILI;03/10/2020
LUIGI VENDRAMINI;JESSIN AYARI;03/10/2020
ISRAEL ADESANYA;PAULO COSTA;26/09/2020
DOMINICK REYES;JAN BLACHOWICZ;26/09/2020
KAI KARA-FRANCE;BRANDON ROYVAL;26/09/2020
KETLEN VIEIRA;SIJARA EUBANKS;26/09/2020
HAKEEM DAWODU;ZUBAIRA TUKHUGOV;26/09/2020
BRAD RIDDELL;ALEX DA SILVA;26/09/2020
DIEGO SANCHEZ;JAKE MATTHEWS;26/09/2020
SHANE YOUNG;LUDOVIT KLEIN;26/09/2020
WILLIAM KNIGHT;ALEKSA CAMUR;26/09/2020
JUAN ESPINO;JEFF HUGHES;26/09/2020
KHADIS IBRAGIMOV;DANILO MARQUES;26/09/2020
MACKENZIE DERN;RANDA MARKOS;19/09/2020
KEVIN HOLLAND;DARREN STEWART;19/09/2020
DARRICK MINNER;TJ LARAMIE;19/09/2020
MICHELLE WATERSON-GOMEZ;ANGELA HILL;12/09/2020
KING GREEN;ALAN PATRICK;12/09/2020
ANDRE MUNIZ;BARTOSZ FABINSKI;05/09/2020
RICARDO LAMAS;BILL ALGEO;29/08/2020
MAKI PITOLO;IMPA KASANGANAY;29/08/2020